Grado,Asignatura,ID,Errors
10,Competencia Lectora,CL-LEC-10-narrativo-001,"V3.0: Missing Periodo"
10,Ciencias Naturales,CO-BIO-10-ECOLOGIA-001,"V3.0: Missing Periodo"
10,Ciencias Naturales,CO-BIO-10-METABOLISMO-001,"V3.0: Missing Periodo"
10,Física,CO-FIS-10-CINEMATICA-001,"V3.0: Missing Periodo"
10,Física,CO-FIS-10-DINAMICA-001,"V3.0: Missing Periodo"
10,ciencias-naturales,CO-NAT-10-biologia-metabolismo-001,"V3.0: Missing Periodo"
10,ciencias-naturales,CO-NAT-10-fisica-cinematica-001,"V3.0: Missing Periodo"
10,ciencias-naturales,CO-NAT-10-fisica-dinamica-001,"V3.0: Missing Periodo"
10,ciencias-naturales,CO-NAT-10-quimica-reacciones-001,"V3.0: Missing Periodo"
10,Química,CO-QUI-10-NOMENCLATURA-001,"V3.0: Missing Periodo"
10,Química,CO-QUI-10-REACCIONES-001,"V3.0: Missing Periodo"
11,Ciencias Naturales,CO-FIS-11-energia-001,"V3.0: Missing Periodo"
11,Ciencias Naturales,CO-FIS-11-mecanica-001,"V3.0: Missing Periodo"
11,Ciencias Naturales,CO-FIS-11-ondas-001,"V3.0: Missing Periodo"
11,ciencias-naturales,CO-NAT-11-biologia-ecologia-001,"V3.0: Missing Periodo"
11,ciencias-naturales,CO-NAT-11-biologia-evolucion-001,"V3.0: Missing Periodo"
11,ciencias-naturales,CO-NAT-11-biologia-general-001,"V3.0: Missing Periodo"
11,Ciencias Naturales - Física,CO-NAT-11-FIS-001,"V3.0: Missing Periodo"
11,Ciencias Naturales - Química,CO-NAT-11-QUI-001,"V3.0: Missing Periodo"
11,ciencias-naturales,CO-NAT-11-quimica-estequiometria-002,"V3.0: Missing Periodo"
11,Ciencias Naturales,CO-QUI-11-atomica-001,"V3.0: Missing Periodo"
11,Ciencias Naturales,CO-QUI-11-enlaces-001,"V3.0: Missing Periodo"
11,Ciencias Naturales,CO-QUI-11-estequiometria-001,"V3.0: Missing Periodo"
3,ciencias-naturales,CO-CIE-3-plantas-001,"V3.0: Missing Periodo"
3,ciencias-naturales,CO-CIE-3-seresvivos-001,"V3.0: Missing Periodo"
4,Ciencias Naturales,CO-CIE-4-ecosistemas-001,"V3.0: Missing Periodo"
5,Ciencias Naturales,CO-CIE-5-ecosistemas-001,"V3.0: Missing Periodo"
5,Ciencias Naturales,CO-CN-5-ecosistemas-cadenas-001,"V3.0: Missing Periodo"
5,Ciencias Naturales,CO-CN-5-electricidad-magnetismo-001,"V3.0: Missing Periodo"
5,Ciencias Naturales,CO-CN-5-la-celula-001,"V3.0: Missing Periodo"
5,Ciencias Naturales,CO-CN-5-materia-propiedades-001,"V3.0: Missing Periodo"
5,Ciencias Naturales,CO-CN-5-mezclas-soluciones-001,"V3.0: Missing Periodo"
5,Ciencias Naturales,CO-CN-5-sistema-digestivo-001,"V3.0: Missing Periodo"
5,Ciencias Naturales,CO-CN-5-sistemas-respiratorio-circulatorio-001,"V3.0: Missing Periodo"
5,Ciencias Naturales,CO-NAT-05-ECOSISTEMAS-001,"V3.0: Missing Periodo"
6,Ciencias Naturales,CO-CIE-6-celula-tipos-001,"V3.0: Missing Periodo"
6,Ciencias Naturales,CO-CIE-6-materia-propiedades-001,"V3.0: Missing Periodo"
6,Ciencias Naturales,CO-CIE-6-sistemas-cuerpo-001,"V3.0: Missing Periodo"
6,Ciencias Naturales,CO-CNAT-6-AGRO-001,"V3.0: Missing Periodo"
6,Ciencias Naturales,CO-CNAT-6-BIOETICA-001,"V3.0: Missing Periodo"
6,Ciencias Naturales,CO-CNAT-6-CLIMA-001,"V3.0: Missing Periodo"
6,Ciencias Naturales,CO-CNAT-6-CUANTICA-001,"V3.0: Missing Periodo"
6,Ciencias Naturales,CO-CNAT-6-ENERGIA-001,"V3.0: Missing Periodo"
6,Ciencias Naturales,CO-CNAT-6-ESPACIO-001,"V3.0: Missing Periodo"
6,Ciencias Naturales,CO-CNAT-6-NANO-001,"V3.0: Missing Periodo"
6,Ciencias Naturales,CO-CNAT-6-NEURO-001,"V3.0: Missing Periodo"
6,ciencias-naturales,CO-CN-06-celula-001,"V3.0: Missing Periodo"
7,ciencias-naturales,CO-CIE-7-cuerpo-sistemas-001,"V3.0: Missing Periodo"
7,ciencias-naturales,CO-CIE-7-ecosistemas-flujo-001,"V3.0: Missing Periodo"
7,ciencias-naturales,CO-CIE-7-materia-001,"V3.0: Missing Periodo"
7,Ciencias Naturales,CO-CNAT-7-CELULA-001,"V3.0: Missing Periodo"
7,Ciencias Naturales,CO-CNAT-7-ECOSISTEMAS-001,"V3.0: Missing Periodo"
7,Ciencias Naturales,CO-NAT-07-CELULA-001,"V3.0: Missing Periodo"
8,Ciencias Naturales,CO-CNAT-8-FLUIDOS-001,"V3.0: Missing Periodo"
8,Ciencias Naturales,CO-CNAT-8-GASES-001,"V3.0: Missing Periodo"
8,Ciencias Naturales,CO-CNAT-8-NERVIOSO-001,"V3.0: Missing Periodo"
8,Ciencias Naturales,CO-CNAT-8-QUIMICA-001,"V3.0: Missing Periodo"
8,Ciencias Naturales,CO-CNAT-8-REPRODUCCION-001,"V3.0: Missing Periodo"
9,ciencias-naturales,CO-CIE-9-ecologia-ciclos-001,"V3.0: Missing Periodo"
9,ciencias-naturales,CO-CIE-9-fisica-movimiento-001,"V3.0: Missing Periodo"
9,ciencias-naturales,CO-CIE-9-genetica-001,"V3.0: Missing Periodo"
9,ciencias-naturales,CO-CIE-9-PH-ACIDEZ-001,"V3.0: Missing Periodo"
9,ciencias-naturales,CO-CIE-9-quimica-tabla-periodica-001,"V3.0: Missing Periodo"
9,ciencias-naturales,CO-CIE-9-SISTEMA-NERVIOSO-001,"V3.0: Missing Periodo"
9,ciencias-naturales,CO-CIE-9-TAXONOMIA-001,"V3.0: Missing Periodo"
9,ciencias-naturales,CO-NAT-9-biologia-ecologia-001,"V3.0: Missing Periodo"
9,ciencias-naturales,CO-NAT-9-biologia-nervioso-001,"V3.0: Missing Periodo"
9,ciencias-naturales,CO-NAT-9-biologia-taxonomia-001,"V3.0: Missing Periodo"
9,ciencias-naturales,CO-NAT-9-quimica-ph-001,"V3.0: Missing Periodo"
9,ciencias-naturales,CO-CN-09-genetica-001,"V3.0: Missing Periodo"
10,Lectura Crítica,CO-LEC-10-ARGUMENTACION-001,"V3.0: Missing Periodo"
10,Lectura Crítica,CO-LEC-10-BOOMVAN-001,"V3.0: Missing Periodo"
10,Lectura Crítica,CO-LEC-10-CLASICA-001,"V3.0: Missing Periodo"
10,Lectura Crítica,CO-LEC-10-ENSAYO-001,"V3.0: Missing Periodo"
10,Lectura Crítica,CO-LEC-10-FILOSOFIA-001,"V3.0: Missing Periodo"
10,Lectura Crítica,CO-LEC-10-MEDIEVAL-001,"V3.0: Missing Periodo"
10,Lectura Crítica,CO-LEC-10-MEDIOS-001,"V3.0: Missing Periodo"
10,Lectura Crítica,CO-LEC-10-OROSPA-001,"V3.0: Missing Periodo"
10,Lectura Crítica,CO-LEC-10-ROMANREAL-001,"V3.0: Missing Periodo"
10,Lectura Crítica,CO-LEC-10-SINTAXIS-002,"V3.0: Missing Periodo"
11,Lectura Crítica,CO-LEC-11-ARG-001,"V3.0: Missing Periodo"
11,Lectura Crítica,CO-LEC-11-BIOETICA-001,"V3.0: Missing Periodo"
11,Lectura Crítica,CO-LEC-11-comprension-001,"V3.0: Missing Periodo"
11,Lectura Crítica,CO-LEC-11-DISCON-001,"V3.0: Missing Periodo"
11,Lectura Crítica,CO-LEC-11-ECONOMIA-001,"V3.0: Missing Periodo"
11,Lectura Crítica,CO-LEC-11-EXISTENCIAL-001,"V3.0: Missing Periodo"
11,Lectura Crítica / Filosofía,CO-LEC-11-FIL-001,"V3.0: Missing Periodo"
11,Lectura Crítica,CO-LEC-11-KAFKA-001,"V3.0: Missing Periodo"
11,Lectura Crítica,CO-LEC-11-LIT-001,"V3.0: Missing Periodo"
11,Lectura Crítica,CO-LEC-11-literario-001,"V3.0: Missing Periodo"
5,Lectura Crítica,CO-LEC-05-COMPRENSION-001,"V3.0: Missing Periodo"
7,Lectura Crítica,CO-LEC-07-ARGUMENTACION-001,"V3.0: Missing Periodo"
7,Lectura Crítica,CO-LEC-07-COMPRENSION-001,"V3.0: Missing Periodo"
8,Lectura Crítica,CO-LEC-8-ARGUMENTA-001,"V3.0: Missing Periodo"
8,Lectura Crítica,CO-LEC-8-ARGUMENTA-002,"V3.0: Missing Periodo"
8,Lectura Crítica,CO-LEC-8-ARGUMENTA-003,"V3.0: Missing Periodo"
8,Lectura Crítica,CO-LEC-8-EXPOSITI-002,"V3.0: Missing Periodo"
8,Lectura Crítica,CO-LEC-8-EXPOSITI-003,"V3.0: Missing Periodo"
8,Lectura Crítica,CO-LEC-8-NARRATIVA-001,"V3.0: Missing Periodo"
8,Lectura Crítica,CO-LEC-8-NARRATIVA-002,"V3.0: Missing Periodo"
3,Lenguaje,CO-LEN-3-gramatica-001,"V3.0: Missing Periodo"
3,Lenguaje,CO-LEN-3-lectura-001,"V3.0: Missing Periodo"
4,Lenguaje,CO-LEN-4-narrativo-001,"V3.0: Missing Periodo"
5,Lenguaje,CO-LEN-5-ADJETIVOS-001,"V3.0: Missing Periodo"
5,Lenguaje,CO-LEN-5-comprension-001,"V3.0: Missing Periodo"
5,Lenguaje,CO-LEN-5-ORTOGRAFIA-001,"V3.0: Missing Periodo"
5,Lenguaje,CO-LEN-5-SUSTANTIVOS-001,"V3.0: Missing Periodo"
5,Lenguaje,CO-LEN-5-VERBOS-001,"V3.0: Missing Periodo"
6,Lectura Crítica,CO-LEC-06-TIPOLOGIAS-001,"V3.0: Missing Periodo"
6,Lenguaje,CO-LEC-6-DEEPFAKES-001,"V3.0: Missing Periodo"
6,Lenguaje,CO-LEC-6-MITOS-001,"V3.0: Missing Periodo"
6,Lenguaje,CO-LEC-6-REALIDAD-001,"V3.0: Missing Periodo"
6,Lenguaje,CO-LEN-6-CUENTO-001,"V3.0: Missing Periodo"
6,Lenguaje,CO-LEN-6-FABULA-001,"V3.0: Missing Periodo"
6,Lenguaje,CO-LEN-6-INSTRUCTIVO-001,"V3.0: Missing Periodo"
6,Lenguaje,CO-LEN-6-MEDIOS-001,"V3.0: Missing Periodo"
6,Lenguaje,CO-LEN-6-MITOS-002,"V3.0: Missing Periodo"
6,Lenguaje,CO-LEN-6-NOTICIA-001,"V3.0: Missing Periodo"
6,Lenguaje,CO-LEN-6-POESIA-001,"V3.0: Missing Periodo"
6,Lenguaje,CO-LEN-6-PUNTUACION-001,"V3.0: Missing Periodo"
6,Lenguaje,CO-LEN-6-REGLAS-001,"V3.0: Missing Periodo"
6,Lenguaje,CO-LEN-6-SINONIMOS-001,"V3.0: Missing Periodo"
8,Lenguaje,CO-LEN-8-GRAMATICA-001,"V3.0: Missing Periodo"
8,Lenguaje,CO-LEN-8-LITERATURA-001,"V3.0: Missing Periodo"
8,Lenguaje,CO-LEN-8-LITERATURA-002,"V3.0: Missing Periodo"
8,Lenguaje,CO-LEN-8-MEDIOS-001,"V3.0: Missing Periodo"
8,Lenguaje,CO-LEN-8-SEMANTICA-001,"V3.0: Missing Periodo"
8,Lenguaje,CO-LEN-8-TIPOLOGIA-001,"V3.0: Missing Periodo"
10,Matemáticas,CO-MAT-10-CONICAS-001,"V3.0: Missing Periodo"
10,Matemáticas,CO-MAT-10-cuadraticas-001,"V3.0: Missing Periodo"
10,Matemáticas,CO-MAT-10-FUNCIONES-001,"V3.0: Missing Periodo"
10,Matemáticas,CO-MAT-10-funciones-001,"V3.0: Missing Periodo"
10,Matemáticas,CO-MAT-10-LEY-SENO-001,"V3.0: Missing Periodo"
10,Matemáticas,CO-MAT-10-TRIGONOMETRIA-001,"V3.0: Missing Periodo"
10,matematicas,CO-MAT-10-trigonometria-001,"V3.0: Missing Periodo"
11,Matemáticas,CO-MAT-11-ALG-001,"V3.0: Missing Periodo"
11,Matemáticas,CO-MAT-11-ALG-002,"V3.0: Missing Periodo"
11,Matemáticas,CO-MAT-11-ALG-003,"V3.0: Missing Periodo"
11,Matemáticas,CO-MAT-11-ALG-005,"V3.0: Missing Periodo"
11,Matemáticas,CO-MAT-11-ALG-006,"V3.0: Missing Periodo"
11,Matemáticas,CO-MAT-11-derivadas-002,"V3.0: Missing Periodo"
11,Matemáticas,CO-MAT-11-derivadas-003,"V3.0: Missing Periodo"
11,Matemáticas,CO-MAT-11-EST-006,"V3.0: Missing Periodo"
11,Matemáticas,CO-MAT-11-GEO-003,"V3.0: Missing Periodo"
11,Matemáticas,CO-MAT-11-GEO-005,"V3.0: Missing Periodo"
11,Matemáticas,CO-MAT-11-logaritmos-001,"V3.0: Missing Periodo"
11,Matemáticas,CO-MAT-11-porcentajes-001,"V3.0: Missing Periodo"
11,Matemáticas,CO-MAT-11-trigonometria-001,"V3.0: Missing Periodo"
3,Matemáticas,CO-MAT-3-multiplicacion-001,"V3.0: Missing Periodo"
4,Matemáticas,CO-MAT-4-fracciones-001,"V3.0: Missing Periodo"
4,Matemáticas,CO-MAT-4-geometria-001,"V3.0: Missing Periodo"
5,Matemáticas,CO-MAT-05-FRACCIONES-001,"V3.0: Missing Periodo"
5,Matemáticas,CO-MAT-5-decimales-concepto-001,"V3.0: Missing Periodo"
5,Matemáticas,CO-MAT-5-estadistica-moda-media-001,"V3.0: Missing Periodo"
5,Matemáticas,CO-MAT-5-fracciones-001,"V3.0: Missing Periodo"
5,Matemáticas,CO-MAT-5-fracciones-operaciones-001,"V3.0: Missing Periodo"
5,Matemáticas,CO-MAT-5-geometria-001,"V3.0: Missing Periodo"
5,Matemáticas,CO-MAT-5-geometria-poligonos-001,"V3.0: Missing Periodo"
5,Matemáticas,CO-MAT-5-perimetro-area-001,"V3.0: Missing Periodo"
5,Matemáticas,CO-MAT-5-probabilidad-basica-001,"V3.0: Missing Periodo"
5,Matemáticas,CO-MAT-5-volumen-capacidad-001,"V3.0: Missing Periodo"
6,Matemáticas,CO-MAT-06-OPERACIONES-001,"V3.0: Missing Periodo"
6,Matemáticas,CO-MAT-6-ARQ-001,"V3.0: Missing Periodo"
6,Matemáticas,CO-MAT-6-decimales-001,"V3.0: Missing Periodo"
6,Matemáticas,CO-MAT-6-enteros-001,"V3.0: Missing Periodo"
6,Matemáticas,CO-MAT-6-estadistica-001,"V3.0: Missing Periodo"
6,Matemáticas,CO-MAT-6-FRACCIONES-001,"V3.0: Missing Periodo"
6,Matemáticas,CO-MAT-6-geometria-espacial-001,"V3.0: Missing Periodo"
6,Matemáticas,CO-MAT-6-IA-ETICA-001,"V3.0: Missing Periodo"
6,Matemáticas,CO-MAT-6-ROBOTICA-001,"V3.0: Missing Periodo"
6,Matemáticas,CO-MAT-6-teoria-numeros-001,"V3.0: Missing Periodo"
6,matematicas,CO-MAT-06-fracciones-001,"V3.0: Missing Periodo"
7,Matemáticas,CO-MAT-07-FRACCIONES-001,"V3.0: Missing Periodo"
7,Matemáticas,CO-MAT-07-PORCENTAJES-001,"V3.0: Missing Periodo"
7,Matemáticas,CO-MAT-7-ECUACIONES-001,"V3.0: Missing Periodo"
7,Matemáticas,CO-MAT-7-ESTADISTICA-001,"V3.0: Missing Periodo"
7,Matemáticas,CO-MAT-7-fracciones-001,"V3.0: Missing Periodo"
7,Matemáticas,CO-MAT-7-GEOMETRIA-001,"V3.0: Missing Periodo"
7,Matemáticas,CO-MAT-7-RACIONALES-001,"V3.0: Missing Periodo"
7,matematicas,CO-MAT-07-proporciones-001,"V3.0: Missing Periodo"
8,matematicas,CO-MAT-08-algebra-001,"V3.0: Missing Periodo"
8,Matemáticas,CO-MAT-8-ALGEBRA-001,"V3.0: Missing Periodo"
8,Matemáticas,CO-MAT-8-ECUACIONES-001,"V3.0: Missing Periodo"
8,Matemáticas,CO-MAT-8-ecuaciones-001,"V3.0: Missing Periodo"
8,Matemáticas,CO-MAT-8-ESTADISTICA-001,"V3.0: Missing Periodo"
8,Matemáticas,CO-MAT-8-GEOMETRIA-001,"V3.0: Missing Periodo"
8,Matemáticas,CO-MAT-8-NUMEROS-001,"V3.0: Missing Periodo"
9,Matemáticas,CO-MAT-9-ALGEBRA-002,"V3.0: Missing Periodo"
9,matematicas,CO-MAT-9-algebra-ecuaciones-001,"V3.0: Missing Periodo"
9,Matemáticas,CO-MAT-9-ESTADISTICA-001,"V3.0: Missing Periodo"
9,matematicas,CO-MAT-9-estadistica-basica-001,"V3.0: Missing Periodo"
9,Matemáticas,CO-MAT-9-FUNCIONES-002,"V3.0: Missing Periodo"
9,matematicas,CO-MAT-9-funciones-lineales-001,"V3.0: Missing Periodo"
9,Matemáticas,CO-MAT-9-GEOMETRIA-002,"V3.0: Missing Periodo"
9,matematicas,CO-MAT-9-geometria-2d-001,"V3.0: Missing Periodo"
9,Matemáticas,CO-MAT-9-pitagoras-001,"V3.0: Missing Periodo"
9,matematicas,CO-MAT-09-ecuaciones-001,"V3.0: Missing Periodo"
10,Sociales y Ciudadanas,CO-SOC-10-COLOMBIA-ECON-001,"V3.0: Missing Periodo"
10,sociales-ciudadanas,CO-SOC-10-conflictos-internacionales-001,"V3.0: Missing Periodo"
10,Sociales y Ciudadanas,CO-SOC-10-CONSTITUCION-001,"V3.0: Missing Periodo"
10,sociales-ciudadanas,CO-SOC-10-derechos-humanos-dih-001,"V3.0: Missing Periodo"
10,sociales-ciudadanas,CO-SOC-10-desarrollo-sostenible-001,"V3.0: Missing Periodo"
10,sociales-ciudadanas,CO-SOC-10-diversidad-etnica-001,"V3.0: Missing Periodo"
10,Sociales y Ciudadanas,CO-SOC-10-POLITICA-001,"V3.0: Missing Periodo"
10,Sociales y Ciudadanas,CO-SOC-10-VIOLENCIA-001,"V3.0: Missing Periodo"
11,sociales-ciudadanas,CO-SOC-11-ambiente-001,"V3.0: Missing Periodo"
11,Sociales y Ciudadanas,CO-SOC-11-constitucion-001,"V3.0: Missing Periodo"
11,Sociales y Ciudadanas,CO-SOC-11-economia-001,"V3.0: Missing Periodo"
11,Sociales y Ciudadanas,CO-SOC-11-geografia-001,"V3.0: Missing Periodo"
11,sociales-ciudadanas,CO-SOC-11-globalizacioncultural-001,"V3.0: Missing Periodo"
11,Sociales y Ciudadanas,CO-SOC-11-historia-001,"V3.0: Missing Periodo"
11,Sociales y Ciudadanas,CO-SOC-11-HR-001,"V3.0: Missing Periodo"
11,sociales-ciudadanas,CO-SOC-11-participacion-001,"V3.0: Missing Periodo"
11,Sociales y Ciudadanas,CO-SOC-11-TUT-001,"V3.0: Missing Periodo"
11,Sociales y Ciudadanas,CO-SOC-11-TUT-002,"V3.0: Missing Periodo"
11,sociales-ciudadanas,CO-SOC-11-violencia-001,"V3.0: Missing Periodo"
11,Sociales y Ciudadanas,SOC06513-01,"V3.0: Missing Periodo"
11,Sociales y Ciudadanas,SOC07755-01,"V3.0: Missing Periodo"
11,Sociales y Ciudadanas,SOC08516-01,"V3.0: Missing Periodo"
11,Sociales y Ciudadanas,SOC21732-01,"V3.0: Missing Periodo"
11,Sociales y Ciudadanas,SOC30639-01,"V3.0: Missing Periodo"
11,Sociales y Ciudadanas,SOC35240-01,"V3.0: Missing Periodo"
11,Sociales y Ciudadanas,SOC45952-01,"V3.0: Missing Periodo"
11,Sociales y Ciudadanas,SOC82159-01,"V3.0: Missing Periodo"
11,Sociales y Ciudadanas,SOC93999-01,"V3.0: Missing Periodo"
6,Sociales,CO-SOC-6-BLOCKCHAIN-001,"V3.0: Missing Periodo"
6,Sociales y Ciudadanas,CO-SOC-6-civilizaciones-antiguas-001,"V3.0: Missing Periodo"
6,Sociales,CO-SOC-6-COMP-001,"V3.0: Missing Periodo"
6,Sociales,CO-SOC-6-DATOS-001,"V3.0: Missing Periodo"
6,Sociales,CO-SOC-6-DEMOCRACIA-001,"V3.0: Missing Periodo"
6,Sociales y Ciudadanas,CO-SOC-6-DEMOCRACIA-002,"V3.0: Missing Periodo"
6,Sociales y Ciudadanas,CO-SOC-6-geografia-colombia-001,"V3.0: Missing Periodo"
6,Sociales y Ciudadanas,CO-SOC-6-historia-001,"V3.0: Missing Periodo"
6,Sociales y Ciudadanas,CO-SOC-6-universo-001,"V3.0: Missing Periodo"
8,Sociales y Ciudadanas,CO-SOC-8-AMBIENTE-001,"V3.0: Missing Periodo"
8,Sociales y Ciudadanas,CO-SOC-8-DEMOGRAFIA-001,"V3.0: Missing Periodo"
8,Sociales y Ciudadanas,CO-SOC-8-DERECHOS-001,"V3.0: Missing Periodo"
8,Sociales y Ciudadanas,CO-SOC-8-INDEPENDENCIA-001,"V3.0: Missing Periodo"
8,Sociales y Ciudadanas,CO-SOC-8-REVOLUCIONES-001,"V3.0: Missing Periodo"
9,sociales-ciudadanas,CO-SOC-9-colombia-siglo-xx-001,"V3.0: Missing Periodo"
9,sociales-ciudadanas,CO-SOC-9-demografia-001,"V3.0: Missing Periodo"
9,sociales-ciudadanas,CO-SOC-9-derechos-humanos-001,"V3.0: Missing Periodo"
9,sociales-ciudadanas,CO-SOC-9-dictaduras-latam-001,"V3.0: Missing Periodo"
9,sociales-ciudadanas,CO-SOC-9-economia-001,"V3.0: Missing Periodo"
9,sociales-ciudadanas,CO-SOC-9-economia-sectores-001,"V3.0: Missing Periodo"
9,sociales-ciudadanas,CO-SOC-9-entreguerras-001,"V3.0: Missing Periodo"
9,sociales-ciudadanas,CO-SOC-9-geografia-001,"V3.0: Missing Periodo"
9,sociales-ciudadanas,CO-SOC-9-globalizacion-001,"V3.0: Missing Periodo"
9,sociales-ciudadanas,CO-SOC-9-guerra-fria-001,"V3.0: Missing Periodo"
9,sociales-ciudadanas,CO-SOC-9-imperialismo-001,"V3.0: Missing Periodo"
9,sociales-ciudadanas,CO-SOC-9-medio-ambiente-001,"V3.0: Missing Periodo"
9,sociales-ciudadanas,CO-SOC-9-organismos-internacionales-001,"V3.0: Missing Periodo"
9,sociales-ciudadanas,CO-SOC-9-participacion-001,"V3.0: Missing Periodo"
9,sociales-ciudadanas,CO-SOC-9-primera-guerra-001,"V3.0: Missing Periodo"
9,sociales-ciudadanas,CO-SOC-9-revolucion-rusa-001,"V3.0: Missing Periodo"
9,sociales-ciudadanas,CO-SOC-9-segunda-guerra-001,"V3.0: Missing Periodo"
3,Tecnología e Informática,CO-TEC-3-algoritmos-vida-001,"V3.0: Missing Periodo"
3,Tecnología e Informática,CO-TEC-3-herramientas-hogar-001,"V3.0: Missing Periodo"
3,Tecnología e Informática,CO-TEC-3-inventos-transporte-001,"V3.0: Missing Periodo"
3,Tecnología e Informática,CO-TEC-3-maquinas-simples-001,"V3.0: Missing Periodo"
3,Tecnología e Informática,CO-TEC-3-materiales-001,"V3.0: Missing Periodo"
3,Tecnología e Informática,CO-TEC-3-natural-artificial-001,"V3.0: Missing Periodo"
3,Tecnología e Informática,CO-TEC-3-partes-computador-001,"V3.0: Missing Periodo"
3,Tecnología e Informática,CO-TEC-3-seguridad-digital-001,"V3.0: Missing Periodo"
3,Tecnología e Informática,CO-TEC-3-uso-artefactos-001,"V3.0: Missing Periodo"
5,Tecnología e Informática,CO-TEC-5-algoritmos-diagramas-001,"V3.0: Missing Periodo"
5,Tecnología e Informática,CO-TEC-5-energia-fuentes-001,"V3.0: Missing Periodo"
5,Tecnología e Informática,CO-TEC-5-estructuras-basicas-001,"V3.0: Missing Periodo"
5,Tecnología e Informática,CO-TEC-5-evolucion-artefactos-001,"V3.0: Missing Periodo"
5,Tecnología e Informática,CO-TEC-5-hardware-software-001,"V3.0: Missing Periodo"
5,Tecnología e Informática,CO-TEC-5-internet-navegacion-001,"V3.0: Missing Periodo"
5,Tecnología e Informática,CO-TEC-5-maquinas-compuestas-001,"V3.0: Missing Periodo"
5,Tecnología e Informática,CO-TEC-5-procesadores-texto-001,"V3.0: Missing Periodo"
5,Tecnología e Informática,CO-TEC-5-seguridad-redes-001,"V3.0: Missing Periodo"
7,Tecnología e Informática,CO-TEC-7-circuitos-basicos-001,"V3.0: Missing Periodo"
7,Tecnología e Informática,CO-TEC-7-historia-tecnologia-001,"V3.0: Missing Periodo"
7,Tecnología e Informática,CO-TEC-7-hoja-calculo-001,"V3.0: Missing Periodo"
7,Tecnología e Informática,CO-TEC-7-mantenimiento-pc-001,"V3.0: Missing Periodo"
7,Tecnología e Informática,CO-TEC-7-materiales-propiedades-001,"V3.0: Missing Periodo"
7,Tecnología e Informática,CO-TEC-7-mecanismos-001,"V3.0: Missing Periodo"
7,Tecnología e Informática,CO-TEC-7-pensamiento-computacional-001,"V3.0: Missing Periodo"
7,Tecnología e Informática,CO-TEC-7-redes-sociales-riesgos-001,"V3.0: Missing Periodo"
7,Tecnología e Informática,CO-TEC-7-sistema-operativo-001,"V3.0: Missing Periodo"
3,ingles,CO-ENG-03-action-verbs-108,"V3.0: Missing Periodo"
3,ingles,CO-ENG-03-alphabet-101,"V3.0: Missing Periodo"
3,ingles,CO-ENG-03-animals-105,"V3.0: Missing Periodo"
3,ingles,CO-ENG-03-colors-103,"V3.0: Missing Periodo"
3,ingles,CO-ENG-03-family-104,"V3.0: Missing Periodo"
3,ingles,CO-ENG-03-greetings-110,"V3.0: Missing Periodo"
3,ingles,CO-ENG-03-house-parts-107,"V3.0: Missing Periodo"
3,ingles,CO-ENG-03-numbers-10-102,"V3.0: Missing Periodo"
3,ingles,CO-ENG-03-numbers-20-106,"V3.0: Missing Periodo"
3,ingles,UNI-ENG-03-home-safety-001,"V3.0: Missing Periodo"
3,ingles,UNI-ENG-03-pet-care-001,"V3.0: Missing Periodo"
3,ingles,CO-ENG-03-basic-weather-109,"V3.0: Missing Periodo"
4,ingles,CO-ENG-04-classroom-words-105,"V3.0: Missing Periodo"
4,ingles,CO-ENG-04-clothes-fashion-107,"V3.0: Missing Periodo"
4,ingles,CO-ENG-04-colors-shapes-104,"V3.0: Missing Periodo"
4,ingles,CO-ENG-04-feelings-emotions-110,"V3.0: Missing Periodo"
4,ingles,CO-ENG-04-food-drinks-108,"V3.0: Missing Periodo"
4,ingles,CO-ENG-04-fruits-veggies-101,"V3.0: Missing Periodo"
4,ingles,CO-ENG-04-house-rooms-106,"V3.0: Missing Periodo"
4,ingles,CO-ENG-04-my-family-102,"V3.0: Missing Periodo"
4,ingles,CO-ENG-04-numbers-counting-103,"V3.0: Missing Periodo"
4,ingles,CO-ENG-04-shapes-sizes-109,"V3.0: Missing Periodo"
4,ingles,UNI-ENG-04-healthy-eating-001,"V3.0: Missing Periodo"
5,ingles,CO-ENG-05-body-parts-109,"V3.0: Missing Periodo"
5,ingles,CO-ENG-05-days-months-103,"V3.0: Missing Periodo"
5,ingles,CO-ENG-05-descriptions-110,"V3.0: Missing Periodo"
5,ingles,CO-ENG-05-farm-animals-108,"V3.0: Missing Periodo"
5,ingles,CO-ENG-05-healthy-habits-106,"V3.0: Missing Periodo"
5,ingles,CO-ENG-05-my-body-102,"V3.0: Missing Periodo"
5,ingles,CO-ENG-05-my-pets-101,"V3.0: Missing Periodo"
5,ingles,CO-ENG-05-my-toys-104,"V3.0: Missing Periodo"
5,ingles,CO-ENG-05-seasons-months-107,"V3.0: Missing Periodo"
5,ingles,CO-ENG-05-sports-play-105,"V3.0: Missing Periodo"
5,ingles,UNI-ENG-05-saving-water-001,"V3.0: Missing Periodo"
5,ingles,UNI-ENG-05-street-safety-001,"V3.0: Missing Periodo"
5,ingles,UNI-ENG-05-wildlife-protection-001,"V3.0: Missing Periodo"
6,ingles,CO-ENG-06-at-school-102,"V3.0: Missing Periodo"
6,ingles,CO-ENG-06-city-places-108,"V3.0: Missing Periodo"
6,ingles,CO-ENG-06-clothes-fashion-103,"V3.0: Missing Periodo"
6,ingles,CO-ENG-06-daily-routine-106,"V3.0: Missing Periodo"
6,ingles,CO-ENG-06-food-drinks-105,"V3.0: Missing Periodo"
6,ingles,CO-ENG-06-hobbies-107,"V3.0: Missing Periodo"
6,ingles,CO-ENG-06-my-house-101,"V3.0: Missing Periodo"
6,ingles,CO-ENG-06-school-objects-110,"V3.0: Missing Periodo"
6,ingles,CO-ENG-06-seasons-weather-104,"V3.0: Missing Periodo"
6,ingles,CO-ENG-06-transportation-109,"V3.0: Missing Periodo"
6,ingles,UNI-ENG-06-basic-cooking-001,"V3.0: Missing Periodo"
6,ingles,UNI-ENG-06-city-001,"V3.0: Missing Periodo"
6,ingles,UNI-ENG-06-digital-safety-001,"V3.0: Missing Periodo"
6,ingles,UNI-ENG-06-kindness-001,"V3.0: Missing Periodo"
6,ingles,UNI-ENG-06-logic-puzzles-001,"V3.0: Missing Periodo"
6,ingles,UNI-ENG-06-travel-adventure-001,"V3.0: Missing Periodo"
7,ingles,CO-ENG-07-daily-routines-001,"V3.0: Missing Periodo"
7,ingles,CO-ENG-07-describing-people-104,"V3.0: Missing Periodo"
7,ingles,CO-ENG-07-feelings-emotions-105,"V3.0: Missing Periodo"
7,ingles,CO-ENG-07-food-006,"V3.0: Missing Periodo"
7,ingles,CO-ENG-07-food-110,"V3.0: Missing Periodo"
7,ingles,CO-ENG-07-friends-003,"V3.0: Missing Periodo"
7,ingles,CO-ENG-07-hobbies-interests-102,"V3.0: Missing Periodo"
7,ingles,CO-ENG-07-home-family-004,"V3.0: Missing Periodo"
7,ingles,CO-ENG-07-home-family-107,"V3.0: Missing Periodo"
7,ingles,CO-ENG-07-my-routines-101,"V3.0: Missing Periodo"
7,ingles,CO-ENG-07-places-city-103,"V3.0: Missing Periodo"
7,ingles,CO-ENG-07-school-life-002,"V3.0: Missing Periodo"
7,ingles,CO-ENG-07-school-life-106,"V3.0: Missing Periodo"
7,ingles,CO-ENG-07-sports-109,"V3.0: Missing Periodo"
7,ingles,UNI-ENG-07-animal-rights-001,"V3.0: Missing Periodo"
7,ingles,UNI-ENG-07-emergency-response-001,"V3.0: Missing Periodo"
7,ingles,UNI-ENG-07-functional-logic-001,"V3.0: Missing Periodo"
7,ingles,UNI-ENG-07-future-001,"V3.0: Missing Periodo"
7,ingles,UNI-ENG-07-honesty-honor-001,"V3.0: Missing Periodo"
7,ingles,UNI-ENG-07-problem-solving-001,"V3.0: Missing Periodo"
7,ingles,UNI-ENG-07-recycling-hero-001,"V3.0: Missing Periodo"
7,ingles,UNI-ENG-07-world-festivals-001,"V3.0: Missing Periodo"
7,ingles,CO-ENG-07-weather-005,"V3.0: Missing Periodo"
7,ingles,CO-ENG-07-weather-108,"V3.0: Missing Periodo"
8,ingles,CO-ENG-08-colombian-culture-102,"V3.0: Missing Periodo"
8,ingles,CO-ENG-08-daily-routines-101,"V3.0: Missing Periodo"
8,ingles,CO-ENG-08-environment-002,"V3.0: Missing Periodo"
8,ingles,CO-ENG-08-family-004,"V3.0: Missing Periodo"
8,ingles,CO-ENG-08-family-history-106,"V3.0: Missing Periodo"
8,ingles,CO-ENG-08-food-007,"V3.0: Missing Periodo"
8,ingles,CO-ENG-08-food-nutrition-104,"V3.0: Missing Periodo"
8,ingles,CO-ENG-08-health-006,"V3.0: Missing Periodo"
8,ingles,CO-ENG-08-health-109,"V3.0: Missing Periodo"
8,ingles,CO-ENG-08-hobbies-009,"V3.0: Missing Periodo"
8,ingles,CO-ENG-08-hobbies-interests-105,"V3.0: Missing Periodo"
8,ingles,CO-ENG-08-media-010,"V3.0: Missing Periodo"
8,ingles,CO-ENG-08-media-110,"V3.0: Missing Periodo"
8,ingles,CO-ENG-08-school-005,"V3.0: Missing Periodo"
8,ingles,CO-ENG-08-school-107,"V3.0: Missing Periodo"
8,ingles,CO-ENG-08-shopping-money-108,"V3.0: Missing Periodo"
8,ingles,CO-ENG-08-sports-003,"V3.0: Missing Periodo"
8,ingles,CO-ENG-08-technology-001,"V3.0: Missing Periodo"
8,ingles,CO-ENG-08-technology-daily-103,"V3.0: Missing Periodo"
8,ingles,CO-ENG-08-travel-008,"V3.0: Missing Periodo"
8,ingles,UNI-ENG-08-analytical-reading-001,"V3.0: Missing Periodo"
8,ingles,UNI-ENG-08-community-problems-001,"V3.0: Missing Periodo"
8,ingles,UNI-ENG-08-empathy-001,"V3.0: Missing Periodo"
8,ingles,UNI-ENG-08-food-culture-001,"V3.0: Missing Periodo"
8,ingles,UNI-ENG-08-metabolism-001,"V3.0: Missing Periodo"
8,ingles,UNI-ENG-08-social-media-001,"V3.0: Missing Periodo"
8,ingles,UNI-ENG-08-space-exploration-001,"V3.0: Missing Periodo"
9,ingles,CO-ENG-09-careers-jobs-008,"V3.0: Missing Periodo"
9,ingles,CO-ENG-09-careers-jobs-107,"V3.0: Missing Periodo"
9,ingles,CO-ENG-09-entertainment-009,"V3.0: Missing Periodo"
9,ingles,CO-ENG-09-entertainment-106,"V3.0: Missing Periodo"
9,ingles,CO-ENG-09-environment-002,"V3.0: Missing Periodo"
9,ingles,CO-ENG-09-environment-nature-104,"V3.0: Missing Periodo"
9,ingles,CO-ENG-09-environment-nature-110,"V3.0: Missing Periodo"
9,ingles,CO-ENG-09-food-nutrition-007,"V3.0: Missing Periodo"
9,ingles,CO-ENG-09-food-nutrition-108,"V3.0: Missing Periodo"
9,ingles,CO-ENG-09-friendship-relationships-105,"V3.0: Missing Periodo"
9,ingles,CO-ENG-09-health-wellness-003,"V3.0: Missing Periodo"
9,ingles,CO-ENG-09-music-entertainment-102,"V3.0: Missing Periodo"
9,ingles,CO-ENG-09-relationships-010,"V3.0: Missing Periodo"
9,ingles,CO-ENG-09-relationships-109,"V3.0: Missing Periodo"
9,ingles,CO-ENG-09-social-media-001,"V3.0: Missing Periodo"
9,ingles,CO-ENG-09-sports-fitness-006,"V3.0: Missing Periodo"
9,ingles,CO-ENG-09-sports-fitness-103,"V3.0: Missing Periodo"
9,ingles,CO-ENG-09-technology-004,"V3.0: Missing Periodo"
9,ingles,CO-ENG-09-travel-culture-005,"V3.0: Missing Periodo"
9,ingles,UNI-ENG-09-coding-logic-001,"V3.0: Missing Periodo"
9,ingles,UNI-ENG-09-critical-thinking-001,"V3.0: Missing Periodo"
9,ingles,UNI-ENG-09-inequality-001,"V3.0: Missing Periodo"
9,ingles,UNI-ENG-09-medical-innovations-001,"V3.0: Missing Periodo"
9,ingles,UNI-ENG-09-moral-dilemmas-001,"V3.0: Missing Periodo"
9,ingles,UNI-ENG-09-personal-finance-001,"V3.0: Missing Periodo"
9,ingles,UNI-ENG-09-sustainable-living-001,"V3.0: Missing Periodo"
9,ingles,UNI-ENG-09-veterinary-basics-001,"V3.0: Missing Periodo"
9,ingles,CO-ENG-09-world-travel-101,"V3.0: Missing Periodo"
10,ingles,CO-ENG-10-arts-culture-004,"V3.0: Missing Periodo"
10,ingles,CO-ENG-10-careers-future-104,"V3.0: Missing Periodo"
10,ingles,CO-ENG-10-careers-future-105,"V3.0: Missing Periodo"
10,Inglés,CO-ING-10-CONDITIONAL-001,"V3.0: Missing Periodo"
10,Inglés,CO-ING-10-CONDITIONAL-002,"V3.0: Missing Periodo"
10,Inglés,CO-ING-10-PASSIVE-001,"V3.0: Missing Periodo"
10,Inglés,CO-ING-10-PERFECT-001,"V3.0: Missing Periodo"
10,Inglés,CO-ING-10-PHRASAL-001,"V3.0: Missing Periodo"
10,Inglés,CO-ING-10-READING-001,"V3.0: Missing Periodo"
10,ingles,CO-ENG-10-crime-justice-006,"V3.0: Missing Periodo"
10,ingles,CO-ENG-10-crime-justice-110,"V3.0: Missing Periodo"
10,ingles,CO-ENG-10-economics-007,"V3.0: Missing Periodo"
10,ingles,CO-ENG-10-economics-108,"V3.0: Missing Periodo"
10,ingles,CO-ENG-10-education-systems-005,"V3.0: Missing Periodo"
10,ingles,CO-ENG-10-education-systems-107,"V3.0: Missing Periodo"
10,ingles,CO-ENG-10-environment-101,"V3.0: Missing Periodo"
10,ingles,CO-ENG-10-global-issues-002,"V3.0: Missing Periodo"
10,ingles,CO-ENG-10-health-wellness-104,"V3.0: Missing Periodo"
10,ingles,CO-ENG-10-history-009,"V3.0: Missing Periodo"
10,ingles,CO-ENG-10-media-influence-105,"V3.0: Missing Periodo"
10,ingles,CO-ENG-10-media-literacy-103,"V3.0: Missing Periodo"
10,ingles,CO-ENG-10-philosophy-010,"V3.0: Missing Periodo"
10,ingles,CO-ENG-10-philosophy-106,"V3.0: Missing Periodo"
10,ingles,CO-ENG-10-psychology-008,"V3.0: Missing Periodo"
10,ingles,CO-ENG-10-psychology-109,"V3.0: Missing Periodo"
10,ingles,CO-ENG-10-science-innovation-003,"V3.0: Missing Periodo"
10,ingles,CO-ENG-10-social-media-001,"V3.0: Missing Periodo"
10,ingles,CO-ENG-10-technology-ethics-102,"V3.0: Missing Periodo"
10,ingles,CO-ENG-10-technology-society-101,"V3.0: Missing Periodo"
10,ingles,UNI-ENG-10-art-history-001,"V3.0: Missing Periodo"
10,ingles,UNI-ENG-10-cyber-addiction-001,"V3.0: Missing Periodo"
10,ingles,UNI-ENG-10-freelancing-001,"V3.0: Missing Periodo"
10,ingles,UNI-ENG-10-investment-basics-001,"V3.0: Missing Periodo"
10,ingles,UNI-ENG-10-media-bias-001,"V3.0: Missing Periodo"
10,ingles,UNI-ENG-10-nutrition-science-001,"V3.0: Missing Periodo"
10,ingles,UNI-ENG-10-remote-work-001,"V3.0: Missing Periodo"
10,ingles,UNI-ENG-10-renewable-energy-001,"V3.0: Missing Periodo"
10,ingles,UNI-ENG-10-risk-management-001,"V3.0: Missing Periodo"
10,ingles,UNI-ENG-10-scientific-literacy-001,"V3.0: Missing Periodo"
10,ingles,UNI-ENG-10-social-justice-001,"V3.0: Missing Periodo"
10,ingles,UNI-ENG-10-travel-mastery-001,"V3.0: Missing Periodo"
10,ingles,CO-ENG-10-world-cultures-102,"V3.0: Missing Periodo"
10,ingles,CO-ENG-10-world-cultures-103,"V3.0: Missing Periodo"
11,ingles,CO-ING-11-advertising-001,"V3.0: Missing Periodo"
11,ingles,CO-ENG-11-artificial-intelligence-002,"V3.0: Missing Periodo"
11,ingles,CO-ENG-11-artificial-intelligence-106,"V3.0: Missing Periodo"
11,ingles,CO-ENG-11-climate-change-003,"V3.0: Missing Periodo"
11,ingles,CO-ENG-11-artificial-intelligence-001,"V3.0: Missing Periodo"
11,ingles,CO-ENG-11-climate-change-001,"V3.0: Missing Periodo"
11,ingles,CO-ENG-11-entrepreneurship-001,"V3.0: Missing Periodo"
11,ingles,CO-ENG-11-media-literacy-001,"V3.0: Missing Periodo"
11,ingles,CO-ENG-11-space-exploration-001,"V3.0: Missing Periodo"
11,ingles,CO-ING-11-part1-002,"V3.0: Missing Periodo"
11,ingles,CO-ING-11-part1-003,"V3.0: Missing Periodo"
11,ingles,CO-ING-11-part1-004,"V3.0: Missing Periodo"
11,ingles,CO-ING-11-part1-005,"V3.0: Missing Periodo"
11,ingles,CO-ING-11-part1-006,"V3.0: Missing Periodo"
11,Inglés,CO-ING-11-reading-001,"V3.0: Missing Periodo"
11,ingles,CO-ENG-11-cultural-diversity-104,"V3.0: Missing Periodo"
11,ingles,CO-ENG-11-democracy-004,"V3.0: Missing Periodo"
11,ingles,CO-ENG-11-digital-future-101,"V3.0: Missing Periodo"
11,ingles,CO-ENG-11-economics-basics-105,"V3.0: Missing Periodo"
11,ingles,CO-ENG-11-entrepreneurship-008,"V3.0: Missing Periodo"
11,ingles,CO-ENG-11-entrepreneurship-109,"V3.0: Missing Periodo"
11,ingles,CO-ENG-11-environment-crisis-103,"V3.0: Missing Periodo"
11,ingles,CO-ENG-11-global-001,"V3.0: Missing Periodo"
11,ingles,CO-ENG-11-global-economy-104,"V3.0: Missing Periodo"
11,ingles,CO-ENG-11-globalization-005,"V3.0: Missing Periodo"
11,ingles,CO-ENG-11-globalization-107,"V3.0: Missing Periodo"
11,ingles,CO-ENG-11-human-rights-006,"V3.0: Missing Periodo"
11,ingles,CO-ENG-11-human-rights-108,"V3.0: Missing Periodo"
11,ingles,CO-ENG-11-literature-010,"V3.0: Missing Periodo"
11,ingles,CO-ENG-11-media-literacy-007,"V3.0: Missing Periodo"
11,ingles,CO-ENG-11-mental-health-102,"V3.0: Missing Periodo"
11,ingles,CO-ENG-11-scientific-innovation-110,"V3.0: Missing Periodo"
11,ingles,CO-ENG-11-scientific-method-103,"V3.0: Missing Periodo"
11,ingles,CO-ENG-11-social-justice-105,"V3.0: Missing Periodo"
11,ingles,CO-ENG-11-space-exploration-009,"V3.0: Missing Periodo"
11,ingles,UNI-ENG-11-cinema-media-001,"V3.0: Missing Periodo"
11,ingles,UNI-ENG-11-global-economics-001,"V3.0: Missing Periodo"
11,ingles,UNI-ENG-11-global-politics-001,"V3.0: Missing Periodo"
11,ingles,UNI-ENG-11-modern-history-001,"V3.0: Missing Periodo"
11,ingles,UNI-ENG-11-philosophical-debate-001,"V3.0: Missing Periodo"
11,ingles,UNI-ENG-11-psychology-basics-001,"V3.0: Missing Periodo"
11,ingles,UNI-ENG-11-resource-management-001,"V3.0: Missing Periodo"
11,ingles,UNI-ENG-11-soft-skills-001,"V3.0: Missing Periodo"
11,ingles,UNI-ENG-11-technical-devops-001,"V3.0: Missing Periodo"
11,ingles,UNI-ENG-11-technical-it-001,"V3.0: Missing Periodo"
11,ingles,UNI-ENG-11-urban-challenges-001,"V3.0: Missing Periodo"
11,ingles,UNI-ENG-B2-advanced-grammar-001,"V3.0: Missing Periodo"
11,ingles,CO-ING-11-urbanization-001,"V3.0: Missing Periodo"
12,ingles,UNI-ENG-12-academic-research-001,"V3.0: Missing Periodo"
12,ingles,UNI-ENG-12-business-leadership-001,"V3.0: Missing Periodo"
12,ingles,UNI-ENG-12-career-planning-001,"V3.0: Missing Periodo"
12,ingles,UNI-ENG-12-climate-summit-001,"V3.0: Missing Periodo"
12,ingles,UNI-ENG-12-digital-ethics-001,"V3.0: Missing Periodo"
12,ingles,UNI-ENG-12-entrepreneurship-001,"V3.0: Missing Periodo"
12,ingles,UNI-ENG-12-fintech-crypto-001,"V3.0: Missing Periodo"
12,ingles,UNI-ENG-12-literary-nuance-001,"V3.0: Missing Periodo"
12,ingles,UNI-ENG-12-music-evolution-001,"V3.0: Missing Periodo"
12,ingles,UNI-ENG-12-negotiation-skills-001,"V3.0: Missing Periodo"
12,ingles,UNI-ENG-12-neuroscience-psych-001,"V3.0: Missing Periodo"
12,ingles,UNI-ENG-12-technical-ai-data-001,"V3.0: Missing Periodo"
12,ingles,UNI-ENG-C1-academic-writing-001,"V3.0: Missing Periodo"
12,ingles,UNI-ENG-C1-business-elite-001,"V3.0: Missing Periodo"
12,ingles,UNI-ENG-C2-global-issues-001,"V3.0: Missing Periodo"